Networks/ACAS_XU_1_1.onnx,Properties/prop_1.vnnlib
Networks/ACAS_XU_1_2.onnx,Properties/prop_1.vnnlib
Networks/ACAS_XU_1_3.onnx,Properties/prop_1.vnnlib
Networks/ACAS_XU_1_4.onnx,Properties/prop_1.vnnlib
Networks/ACAS_XU_1_5.onnx,Properties/prop_1.vnnlib
Networks/ACAS_XU_1_6.onnx,Properties/prop_1.vnnlib
Networks/ACAS_XU_1_7.onnx,Properties/prop_1.vnnlib
Networks/ACAS_XU_1_8.onnx,Properties/prop_1.vnnlib
Networks/ACAS_XU_1_9.onnx,Properties/prop_1.vnnlib
Networks/ACAS_XU_2_1.onnx,Properties/prop_1.vnnlib
Networks/ACAS_XU_2_2.onnx,Properties/prop_1.vnnlib
Networks/ACAS_XU_2_3.onnx,Properties/prop_1.vnnlib
Networks/ACAS_XU_2_4.onnx,Properties/prop_1.vnnlib
Networks/ACAS_XU_2_5.onnx,Properties/prop_1.vnnlib
Networks/ACAS_XU_2_6.onnx,Properties/prop_1.vnnlib
Networks/ACAS_XU_2_7.onnx,Properties/prop_1.vnnlib
Networks/ACAS_XU_2_8.onnx,Properties/prop_1.vnnlib
Networks/ACAS_XU_2_9.onnx,Properties/prop_1.vnnlib
Networks/ACAS_XU_3_1.onnx,Properties/prop_1.vnnlib
Networks/ACAS_XU_3_2.onnx,Properties/prop_1.vnnlib
Networks/ACAS_XU_3_3.onnx,Properties/prop_1.vnnlib
Networks/ACAS_XU_3_4.onnx,Properties/prop_1.vnnlib
Networks/ACAS_XU_3_5.onnx,Properties/prop_1.vnnlib
Networks/ACAS_XU_3_6.onnx,Properties/prop_1.vnnlib
Networks/ACAS_XU_3_7.onnx,Properties/prop_1.vnnlib
Networks/ACAS_XU_3_8.onnx,Properties/prop_1.vnnlib
Networks/ACAS_XU_3_9.onnx,Properties/prop_1.vnnlib
Networks/ACAS_XU_4_1.onnx,Properties/prop_1.vnnlib
Networks/ACAS_XU_4_2.onnx,Properties/prop_1.vnnlib
Networks/ACAS_XU_4_3.onnx,Properties/prop_1.vnnlib
Networks/ACAS_XU_4_4.onnx,Properties/prop_1.vnnlib
Networks/ACAS_XU_4_5.onnx,Properties/prop_1.vnnlib
Networks/ACAS_XU_4_6.onnx,Properties/prop_1.vnnlib
Networks/ACAS_XU_4_7.onnx,Properties/prop_1.vnnlib
Networks/ACAS_XU_4_8.onnx,Properties/prop_1.vnnlib
Networks/ACAS_XU_4_9.onnx,Properties/prop_1.vnnlib
Networks/ACAS_XU_5_1.onnx,Properties/prop_1.vnnlib
Networks/ACAS_XU_5_2.onnx,Properties/prop_1.vnnlib
Networks/ACAS_XU_5_3.onnx,Properties/prop_1.vnnlib
Networks/ACAS_XU_5_4.onnx,Properties/prop_1.vnnlib
Networks/ACAS_XU_5_5.onnx,Properties/prop_1.vnnlib
Networks/ACAS_XU_5_6.onnx,Properties/prop_1.vnnlib
Networks/ACAS_XU_5_7.onnx,Properties/prop_1.vnnlib
Networks/ACAS_XU_5_8.onnx,Properties/prop_1.vnnlib
Networks/ACAS_XU_5_9.onnx,Properties/prop_1.vnnlib
Networks/ACAS_XU_2_1.onnx,Properties/prop_2.vnnlib
Networks/ACAS_XU_2_2.onnx,Properties/prop_2.vnnlib
Networks/ACAS_XU_2_3.onnx,Properties/prop_2.vnnlib
Networks/ACAS_XU_2_4.onnx,Properties/prop_2.vnnlib
Networks/ACAS_XU_2_5.onnx,Properties/prop_2.vnnlib
Networks/ACAS_XU_2_6.onnx,Properties/prop_2.vnnlib
Networks/ACAS_XU_2_7.onnx,Properties/prop_2.vnnlib
Networks/ACAS_XU_2_8.onnx,Properties/prop_2.vnnlib
Networks/ACAS_XU_2_9.onnx,Properties/prop_2.vnnlib
Networks/ACAS_XU_3_1.onnx,Properties/prop_2.vnnlib
Networks/ACAS_XU_3_2.onnx,Properties/prop_2.vnnlib
Networks/ACAS_XU_3_3.onnx,Properties/prop_2.vnnlib
Networks/ACAS_XU_3_4.onnx,Properties/prop_2.vnnlib
Networks/ACAS_XU_3_5.onnx,Properties/prop_2.vnnlib
Networks/ACAS_XU_3_6.onnx,Properties/prop_2.vnnlib
Networks/ACAS_XU_3_7.onnx,Properties/prop_2.vnnlib
Networks/ACAS_XU_3_8.onnx,Properties/prop_2.vnnlib
Networks/ACAS_XU_3_9.onnx,Properties/prop_2.vnnlib
Networks/ACAS_XU_4_1.onnx,Properties/prop_2.vnnlib
Networks/ACAS_XU_4_2.onnx,Properties/prop_2.vnnlib
Networks/ACAS_XU_4_3.onnx,Properties/prop_2.vnnlib
Networks/ACAS_XU_4_4.onnx,Properties/prop_2.vnnlib
Networks/ACAS_XU_4_5.onnx,Properties/prop_2.vnnlib
Networks/ACAS_XU_4_6.onnx,Properties/prop_2.vnnlib
Networks/ACAS_XU_4_7.onnx,Properties/prop_2.vnnlib
Networks/ACAS_XU_4_8.onnx,Properties/prop_2.vnnlib
Networks/ACAS_XU_4_9.onnx,Properties/prop_2.vnnlib
Networks/ACAS_XU_5_1.onnx,Properties/prop_2.vnnlib
Networks/ACAS_XU_5_2.onnx,Properties/prop_2.vnnlib
Networks/ACAS_XU_5_3.onnx,Properties/prop_2.vnnlib
Networks/ACAS_XU_5_4.onnx,Properties/prop_2.vnnlib
Networks/ACAS_XU_5_5.onnx,Properties/prop_2.vnnlib
Networks/ACAS_XU_5_6.onnx,Properties/prop_2.vnnlib
Networks/ACAS_XU_5_7.onnx,Properties/prop_2.vnnlib
Networks/ACAS_XU_5_8.onnx,Properties/prop_2.vnnlib
Networks/ACAS_XU_5_9.onnx,Properties/prop_2.vnnlib
Networks/ACAS_XU_1_1.onnx,Properties/prop_3.vnnlib
Networks/ACAS_XU_1_2.onnx,Properties/prop_3.vnnlib
Networks/ACAS_XU_1_3.onnx,Properties/prop_3.vnnlib
Networks/ACAS_XU_1_4.onnx,Properties/prop_3.vnnlib
Networks/ACAS_XU_1_5.onnx,Properties/prop_3.vnnlib
Networks/ACAS_XU_1_6.onnx,Properties/prop_3.vnnlib
Networks/ACAS_XU_2_1.onnx,Properties/prop_3.vnnlib
Networks/ACAS_XU_2_2.onnx,Properties/prop_3.vnnlib
Networks/ACAS_XU_2_3.onnx,Properties/prop_3.vnnlib
Networks/ACAS_XU_2_4.onnx,Properties/prop_3.vnnlib
Networks/ACAS_XU_2_5.onnx,Properties/prop_3.vnnlib
Networks/ACAS_XU_2_6.onnx,Properties/prop_3.vnnlib
Networks/ACAS_XU_2_7.onnx,Properties/prop_3.vnnlib
Networks/ACAS_XU_2_8.onnx,Properties/prop_3.vnnlib
Networks/ACAS_XU_2_9.onnx,Properties/prop_3.vnnlib
Networks/ACAS_XU_3_1.onnx,Properties/prop_3.vnnlib
Networks/ACAS_XU_3_2.onnx,Properties/prop_3.vnnlib
Networks/ACAS_XU_3_3.onnx,Properties/prop_3.vnnlib
Networks/ACAS_XU_3_4.onnx,Properties/prop_3.vnnlib
Networks/ACAS_XU_3_5.onnx,Properties/prop_3.vnnlib
Networks/ACAS_XU_3_6.onnx,Properties/prop_3.vnnlib
Networks/ACAS_XU_3_7.onnx,Properties/prop_3.vnnlib
Networks/ACAS_XU_3_8.onnx,Properties/prop_3.vnnlib
Networks/ACAS_XU_3_9.onnx,Properties/prop_3.vnnlib
Networks/ACAS_XU_4_1.onnx,Properties/prop_3.vnnlib
Networks/ACAS_XU_4_2.onnx,Properties/prop_3.vnnlib
Networks/ACAS_XU_4_3.onnx,Properties/prop_3.vnnlib
Networks/ACAS_XU_4_4.onnx,Properties/prop_3.vnnlib
Networks/ACAS_XU_4_5.onnx,Properties/prop_3.vnnlib
Networks/ACAS_XU_4_6.onnx,Properties/prop_3.vnnlib
Networks/ACAS_XU_4_7.onnx,Properties/prop_3.vnnlib
Networks/ACAS_XU_4_8.onnx,Properties/prop_3.vnnlib
Networks/ACAS_XU_4_9.onnx,Properties/prop_3.vnnlib
Networks/ACAS_XU_5_1.onnx,Properties/prop_3.vnnlib
Networks/ACAS_XU_5_2.onnx,Properties/prop_3.vnnlib
Networks/ACAS_XU_5_3.onnx,Properties/prop_3.vnnlib
Networks/ACAS_XU_5_4.onnx,Properties/prop_3.vnnlib
Networks/ACAS_XU_5_5.onnx,Properties/prop_3.vnnlib
Networks/ACAS_XU_5_6.onnx,Properties/prop_3.vnnlib
Networks/ACAS_XU_5_7.onnx,Properties/prop_3.vnnlib
Networks/ACAS_XU_5_8.onnx,Properties/prop_3.vnnlib
Networks/ACAS_XU_5_9.onnx,Properties/prop_3.vnnlib
Networks/ACAS_XU_1_1.onnx,Properties/prop_4.vnnlib
Networks/ACAS_XU_1_2.onnx,Properties/prop_4.vnnlib
Networks/ACAS_XU_1_3.onnx,Properties/prop_4.vnnlib
Networks/ACAS_XU_1_4.onnx,Properties/prop_4.vnnlib
Networks/ACAS_XU_1_5.onnx,Properties/prop_4.vnnlib
Networks/ACAS_XU_1_6.onnx,Properties/prop_4.vnnlib
Networks/ACAS_XU_2_1.onnx,Properties/prop_4.vnnlib
Networks/ACAS_XU_2_2.onnx,Properties/prop_4.vnnlib
Networks/ACAS_XU_2_3.onnx,Properties/prop_4.vnnlib
Networks/ACAS_XU_2_4.onnx,Properties/prop_4.vnnlib
Networks/ACAS_XU_2_5.onnx,Properties/prop_4.vnnlib
Networks/ACAS_XU_2_6.onnx,Properties/prop_4.vnnlib
Networks/ACAS_XU_2_7.onnx,Properties/prop_4.vnnlib
Networks/ACAS_XU_2_8.onnx,Properties/prop_4.vnnlib
Networks/ACAS_XU_2_9.onnx,Properties/prop_4.vnnlib
Networks/ACAS_XU_3_1.onnx,Properties/prop_4.vnnlib
Networks/ACAS_XU_3_2.onnx,Properties/prop_4.vnnlib
Networks/ACAS_XU_3_3.onnx,Properties/prop_4.vnnlib
Networks/ACAS_XU_3_4.onnx,Properties/prop_4.vnnlib
Networks/ACAS_XU_3_5.onnx,Properties/prop_4.vnnlib
Networks/ACAS_XU_3_6.onnx,Properties/prop_4.vnnlib
Networks/ACAS_XU_3_7.onnx,Properties/prop_4.vnnlib
Networks/ACAS_XU_3_8.onnx,Properties/prop_4.vnnlib
Networks/ACAS_XU_3_9.onnx,Properties/prop_4.vnnlib
Networks/ACAS_XU_4_1.onnx,Properties/prop_4.vnnlib
Networks/ACAS_XU_4_2.onnx,Properties/prop_4.vnnlib
Networks/ACAS_XU_4_3.onnx,Properties/prop_4.vnnlib
Networks/ACAS_XU_4_4.onnx,Properties/prop_4.vnnlib
Networks/ACAS_XU_4_5.onnx,Properties/prop_4.vnnlib
Networks/ACAS_XU_4_6.onnx,Properties/prop_4.vnnlib
Networks/ACAS_XU_4_7.onnx,Properties/prop_4.vnnlib
Networks/ACAS_XU_4_8.onnx,Properties/prop_4.vnnlib
Networks/ACAS_XU_4_9.onnx,Properties/prop_4.vnnlib
Networks/ACAS_XU_5_1.onnx,Properties/prop_4.vnnlib
Networks/ACAS_XU_5_2.onnx,Properties/prop_4.vnnlib
Networks/ACAS_XU_5_3.onnx,Properties/prop_4.vnnlib
Networks/ACAS_XU_5_4.onnx,Properties/prop_4.vnnlib
Networks/ACAS_XU_5_5.onnx,Properties/prop_4.vnnlib
Networks/ACAS_XU_5_6.onnx,Properties/prop_4.vnnlib
Networks/ACAS_XU_5_7.onnx,Properties/prop_4.vnnlib
Networks/ACAS_XU_5_8.onnx,Properties/prop_4.vnnlib
Networks/ACAS_XU_5_9.onnx,Properties/prop_4.vnnlib
Networks/ACAS_XU_1_1.onnx,Properties/prop_5.vnnlib
Networks/ACAS_XU_1_1.onnx,Properties/prop_6a.vnnlib
Networks/ACAS_XU_1_1.onnx,Properties/prop_6b.vnnlib
Networks/ACAS_XU_1_9.onnx,Properties/prop_7.vnnlib
Networks/ACAS_XU_2_9.onnx,Properties/prop_8.vnnlib
Networks/ACAS_XU_3_3.onnx,Properties/prop_9.vnnlib
Networks/ACAS_XU_4_5.onnx,Properties/prop_10.vnnlib
